title,description,sale_price,market_price,category,matched,year,brand,set,subset,player,card_number,attributes,team,variation,condition,graded,grader,certification_number,grade_name,grade_number,purchase_date,purchase_price,note,cabinet,shelf,box,row,section,sku,front_image,back_image
LeBron James Lakers 2024-25 Panini Prizm #130 Red White and Blue,"<div class=""ql-editor""><p><br></p><p><strong>Player: </strong></p><p><strong>Team: Los Angeles Lakers</strong></p><p><strong>Set: Prizm 2024-25 Panini Prizm </strong></p><p><strong>Additional info: Prizms Red White and Blue </strong></p><p><br></p><p><span style=""background-color: rgb(255, 255, 255);"">Please check out our other listings for more great cards.</span></p><p><br></p><p><strong>SHIPPING &amp; HANDLING</strong></p><p>Cards are shipped within 1-3 business days of payment.</p><p><br></p><p><strong>CARD CONDITION</strong></p><p>Please review all photos carefully - what you see is what you get.</p><p>The card is in the condition shown in the pictures.</p><p>Any flaws or defects are photographed and disclosed.</p><p><br></p><p><strong>RETURNS &amp; GUARANTEES</strong></p><p>14-day returns accepted.</p><p>100% authentic guaranteed.</p><p>Carefully packaged to ensure safe delivery.</p><p><br></p><p><strong>PAYMENT</strong></p><p>Payment is expected within 2-3 days of purchase. If waiti<strong>n</strong>g on additional auctions to end, please let me know. I'd be happy to wait.</p><p><br></p><p><strong>QUESTIONS?</strong></p><p>Feel free to message me before purchasing if you need additional photos or have any questions about the card.<strong><span class=""ql-cursor"">﻿</span></strong></p><p><br></p><p>Thanks for looking and happy collecting!</p></div>",30.00,,BASKETBALL,Yes,2025,Prizm,2024-25 Panini Prizm,Prizms Red White and Blue,LeBron James,130,,Los Angeles Lakers,,Near Mint or Better,No,,,,,,0,,,,,,,425,https://storage.googleapis.com/cdp-batches-prod/51290-950044/50228316-front.jpg,https://storage.googleapis.com/cdp-batches-prod/51290-950044/50228316-back.jpg
Giannis Antetokounmpo Milwaukee Bucks 2024-25 Panini Mosaic #13 Mosaic,"<div class=""ql-editor""><p><br></p><p><strong>Player: </strong></p><p><strong>Team: Milwaukee Bucks</strong></p><p><strong>Set: Panini 2024-25 Panini Mosaic </strong></p><p><strong>Additional info: Mosaic </strong></p><p><br></p><p><span style=""background-color: rgb(255, 255, 255);"">Please check out our other listings for more great cards.</span></p><p><br></p><p><strong>SHIPPING &amp; HANDLING</strong></p><p>Cards are shipped within 1-3 business days of payment.</p><p><br></p><p><strong>CARD CONDITION</strong></p><p>Please review all photos carefully - what you see is what you get.</p><p>The card is in the condition shown in the pictures.</p><p>Any flaws or defects are photographed and disclosed.</p><p><br></p><p><strong>RETURNS &amp; GUARANTEES</strong></p><p>14-day returns accepted.</p><p>100% authentic guaranteed.</p><p>Carefully packaged to ensure safe delivery.</p><p><br></p><p><strong>PAYMENT</strong></p><p>Payment is expected within 2-3 days of purchase. If waiti<strong>n</strong>g on additional auctions to end, please let me know. I'd be happy to wait.</p><p><br></p><p><strong>QUESTIONS?</strong></p><p>Feel free to message me before purchasing if you need additional photos or have any questions about the card.<strong><span class=""ql-cursor"">﻿</span></strong></p><p><br></p><p>Thanks for looking and happy collecting!</p></div>",5.00,1.85,BASKETBALL,Yes,2024,Panini,2024-25 Panini Mosaic,Mosaic,Giannis Antetokounmpo,13,,Milwaukee Bucks,,Near Mint or Better,No,,,,,,0,,,,,,,426,https://storage.googleapis.com/cdp-batches-prod/51290-950044/50228317-front.jpg,https://storage.googleapis.com/cdp-batches-prod/51290-950044/50228317-back.jpg
Dirk Nowitzki Dallas Mavericks 2024-25 Panini Mosaic #18 Epic Performers Mosaic,"<div class=""ql-editor""><p><br></p><p><strong>Player: </strong></p><p><strong>Team: Dallas Mavericks</strong></p><p><strong>Set: Panini 2024-25 Panini Mosaic </strong></p><p><strong>Additional info: Epic Performers Mosaic </strong></p><p><br></p><p><span style=""background-color: rgb(255, 255, 255);"">Please check out our other listings for more great cards.</span></p><p><br></p><p><strong>SHIPPING &amp; HANDLING</strong></p><p>Cards are shipped within 1-3 business days of payment.</p><p><br></p><p><strong>CARD CONDITION</strong></p><p>Please review all photos carefully - what you see is what you get.</p><p>The card is in the condition shown in the pictures.</p><p>Any flaws or defects are photographed and disclosed.</p><p><br></p><p><strong>RETURNS &amp; GUARANTEES</strong></p><p>14-day returns accepted.</p><p>100% authentic guaranteed.</p><p>Carefully packaged to ensure safe delivery.</p><p><br></p><p><strong>PAYMENT</strong></p><p>Payment is expected within 2-3 days of purchase. If waiti<strong>n</strong>g on additional auctions to end, please let me know. I'd be happy to wait.</p><p><br></p><p><strong>QUESTIONS?</strong></p><p>Feel free to message me before purchasing if you need additional photos or have any questions about the card.<strong><span class=""ql-cursor"">﻿</span></strong></p><p><br></p><p>Thanks for looking and happy collecting!</p></div>",3.60,1.50,BASKETBALL,Yes,2024,Panini,2024-25 Panini Mosaic,Epic Performers Mosaic,Dirk Nowitzki,18,,Dallas Mavericks,,Near Mint or Better,No,,,,,,0,,,,,,,427,https://storage.googleapis.com/cdp-batches-prod/51290-950044/50228318-front.jpg,https://storage.googleapis.com/cdp-batches-prod/51290-950044/50228318-back.jpg
Donovan Mitchell Cavaliers 2024-25 Panini Mosaic #14 Thunder Road Mosaic,"<div class=""ql-editor""><p><br></p><p><strong>Player: </strong></p><p><strong>Team: Cleveland Cavaliers</strong></p><p><strong>Set: Panini 2024-25 Panini Mosaic </strong></p><p><strong>Additional info: Thunder Road Mosaic </strong></p><p><br></p><p><span style=""background-color: rgb(255, 255, 255);"">Please check out our other listings for more great cards.</span></p><p><br></p><p><strong>SHIPPING &amp; HANDLING</strong></p><p>Cards are shipped within 1-3 business days of payment.</p><p><br></p><p><strong>CARD CONDITION</strong></p><p>Please review all photos carefully - what you see is what you get.</p><p>The card is in the condition shown in the pictures.</p><p>Any flaws or defects are photographed and disclosed.</p><p><br></p><p><strong>RETURNS &amp; GUARANTEES</strong></p><p>14-day returns accepted.</p><p>100% authentic guaranteed.</p><p>Carefully packaged to ensure safe delivery.</p><p><br></p><p><strong>PAYMENT</strong></p><p>Payment is expected within 2-3 days of purchase. If waiti<strong>n</strong>g on additional auctions to end, please let me know. I'd be happy to wait.</p><p><br></p><p><strong>QUESTIONS?</strong></p><p>Feel free to message me before purchasing if you need additional photos or have any questions about the card.<strong><span class=""ql-cursor"">﻿</span></strong></p><p><br></p><p>Thanks for looking and happy collecting!</p></div>",3.60,1.75,BASKETBALL,Yes,2024,Panini,2024-25 Panini Mosaic,Thunder Road Mosaic,Donovan Mitchell,14,,Cleveland Cavaliers,,Near Mint or Better,No,,,,,,0,,,,,,,428,https://storage.googleapis.com/cdp-batches-prod/51290-950044/50228319-front.jpg,https://storage.googleapis.com/cdp-batches-prod/51290-950044/50228319-back.jpg
Al Horford Boston Celtics 2023-24 Panini Phoenix #91 Phoenix Teal Lazer,"<div class=""ql-editor""><p><br></p><p><strong>Player: </strong></p><p><strong>Team: Boston Celtics</strong></p><p><strong>Set: Panini 2023-24 Panini Phoenix </strong></p><p><strong>Additional info: Phoenix Teal Lazer </strong></p><p><br></p><p><span style=""background-color: rgb(255, 255, 255);"">Please check out our other listings for more great cards.</span></p><p><br></p><p><strong>SHIPPING &amp; HANDLING</strong></p><p>Cards are shipped within 1-3 business days of payment.</p><p><br></p><p><strong>CARD CONDITION</strong></p><p>Please review all photos carefully - what you see is what you get.</p><p>The card is in the condition shown in the pictures.</p><p>Any flaws or defects are photographed and disclosed.</p><p><br></p><p><strong>RETURNS &amp; GUARANTEES</strong></p><p>14-day returns accepted.</p><p>100% authentic guaranteed.</p><p>Carefully packaged to ensure safe delivery.</p><p><br></p><p><strong>PAYMENT</strong></p><p>Payment is expected within 2-3 days of purchase. If waiti<strong>n</strong>g on additional auctions to end, please let me know. I'd be happy to wait.</p><p><br></p><p><strong>QUESTIONS?</strong></p><p>Feel free to message me before purchasing if you need additional photos or have any questions about the card.<strong><span class=""ql-cursor"">﻿</span></strong></p><p><br></p><p>Thanks for looking and happy collecting!</p></div>",3.10,2.29,BASKETBALL,Yes,2023,Panini,2023-24 Panini Phoenix,Phoenix Teal Lazer,Al Horford,91,,Boston Celtics,,Near Mint or Better,No,,,,,,0,,,,,,,429,https://storage.googleapis.com/cdp-batches-prod/51290-950044/50228320-front.jpg,https://storage.googleapis.com/cdp-batches-prod/51290-950044/50228320-back.jpg
Jalen Brunson New York Knicks 2024-25 Donruss Optic #12 My House Purple,"<div class=""ql-editor""><p><br></p><p><strong>Player: </strong></p><p><strong>Team: New York Knicks</strong></p><p><strong>Set: Donruss 2024-25 Donruss Optic </strong></p><p><strong>Additional info: My House Purple </strong></p><p><br></p><p><span style=""background-color: rgb(255, 255, 255);"">Please check out our other listings for more great cards.</span></p><p><br></p><p><strong>SHIPPING &amp; HANDLING</strong></p><p>Cards are shipped within 1-3 business days of payment.</p><p><br></p><p><strong>CARD CONDITION</strong></p><p>Please review all photos carefully - what you see is what you get.</p><p>The card is in the condition shown in the pictures.</p><p>Any flaws or defects are photographed and disclosed.</p><p><br></p><p><strong>RETURNS &amp; GUARANTEES</strong></p><p>14-day returns accepted.</p><p>100% authentic guaranteed.</p><p>Carefully packaged to ensure safe delivery.</p><p><br></p><p><strong>PAYMENT</strong></p><p>Payment is expected within 2-3 days of purchase. If waiti<strong>n</strong>g on additional auctions to end, please let me know. I'd be happy to wait.</p><p><br></p><p><strong>QUESTIONS?</strong></p><p>Feel free to message me before purchasing if you need additional photos or have any questions about the card.<strong><span class=""ql-cursor"">﻿</span></strong></p><p><br></p><p>Thanks for looking and happy collecting!</p></div>",3.60,1.39,BASKETBALL,Yes,2024,Donruss,2024-25 Donruss Optic,My House Purple,Jalen Brunson,12,,New York Knicks,,Near Mint or Better,No,,,,,,0,,,,,,,430,https://storage.googleapis.com/cdp-batches-prod/51290-950044/50228321-front.jpg,https://storage.googleapis.com/cdp-batches-prod/51290-950044/50228321-back.jpg
Joel Embiid Philadelphia 76ers 2022-23 Panini Mosaic #141 Silver,"<div class=""ql-editor""><p><br></p><p><strong>Player: </strong></p><p><strong>Team: Philadelphia 76ers</strong></p><p><strong>Set: Panini 2022-23 Panini Mosaic </strong></p><p><strong>Additional info: Silver </strong></p><p><br></p><p><span style=""background-color: rgb(255, 255, 255);"">Please check out our other listings for more great cards.</span></p><p><br></p><p><strong>SHIPPING &amp; HANDLING</strong></p><p>Cards are shipped within 1-3 business days of payment.</p><p><br></p><p><strong>CARD CONDITION</strong></p><p>Please review all photos carefully - what you see is what you get.</p><p>The card is in the condition shown in the pictures.</p><p>Any flaws or defects are photographed and disclosed.</p><p><br></p><p><strong>RETURNS &amp; GUARANTEES</strong></p><p>14-day returns accepted.</p><p>100% authentic guaranteed.</p><p>Carefully packaged to ensure safe delivery.</p><p><br></p><p><strong>PAYMENT</strong></p><p>Payment is expected within 2-3 days of purchase. If waiti<strong>n</strong>g on additional auctions to end, please let me know. I'd be happy to wait.</p><p><br></p><p><strong>QUESTIONS?</strong></p><p>Feel free to message me before purchasing if you need additional photos or have any questions about the card.<strong><span class=""ql-cursor"">﻿</span></strong></p><p><br></p><p>Thanks for looking and happy collecting!</p></div>",3.60,1.00,BASKETBALL,Yes,2022,Panini,2022-23 Panini Mosaic,Silver,Joel Embiid,141,,Philadelphia 76ers,,Near Mint or Better,No,,,,,,0,,,,,,,431,https://storage.googleapis.com/cdp-batches-prod/51290-950044/50228322-front.jpg,https://storage.googleapis.com/cdp-batches-prod/51290-950044/50228322-back.jpg
Magic Johnson Los Angeles Lakers 2020-21 Panini Flux #181 Silver,"<div class=""ql-editor""><p><br></p><p><strong>Player: </strong></p><p><strong>Team: Los Angeles Lakers</strong></p><p><strong>Set: Panini 2020-21 Panini Flux </strong></p><p><strong>Additional info: Silver </strong></p><p><br></p><p><span style=""background-color: rgb(255, 255, 255);"">Please check out our other listings for more great cards.</span></p><p><br></p><p><strong>SHIPPING &amp; HANDLING</strong></p><p>Cards are shipped within 1-3 business days of payment.</p><p><br></p><p><strong>CARD CONDITION</strong></p><p>Please review all photos carefully - what you see is what you get.</p><p>The card is in the condition shown in the pictures.</p><p>Any flaws or defects are photographed and disclosed.</p><p><br></p><p><strong>RETURNS &amp; GUARANTEES</strong></p><p>14-day returns accepted.</p><p>100% authentic guaranteed.</p><p>Carefully packaged to ensure safe delivery.</p><p><br></p><p><strong>PAYMENT</strong></p><p>Payment is expected within 2-3 days of purchase. If waiti<strong>n</strong>g on additional auctions to end, please let me know. I'd be happy to wait.</p><p><br></p><p><strong>QUESTIONS?</strong></p><p>Feel free to message me before purchasing if you need additional photos or have any questions about the card.<strong><span class=""ql-cursor"">﻿</span></strong></p><p><br></p><p>Thanks for looking and happy collecting!</p></div>",3.60,1.50,BASKETBALL,Yes,2020,Panini,2020-21 Panini Flux,Silver,Magic Johnson,181,,Los Angeles Lakers,,Near Mint or Better,No,,,,,,0,,,,,,,432,https://storage.googleapis.com/cdp-batches-prod/51290-950044/50228323-front.jpg,https://storage.googleapis.com/cdp-batches-prod/51290-950044/50228323-back.jpg
Trae Young Atlanta Hawks 2020-21 Panini Contenders #5 Game Ticket Bronze,"<div class=""ql-editor""><p><br></p><p><strong>Player: </strong></p><p><strong>Team: Atlanta Hawks</strong></p><p><strong>Set: Panini 2020-21 Panini Contenders </strong></p><p><strong>Additional info: Game Ticket Bronze </strong></p><p><br></p><p><span style=""background-color: rgb(255, 255, 255);"">Please check out our other listings for more great cards.</span></p><p><br></p><p><strong>SHIPPING &amp; HANDLING</strong></p><p>Cards are shipped within 1-3 business days of payment.</p><p><br></p><p><strong>CARD CONDITION</strong></p><p>Please review all photos carefully - what you see is what you get.</p><p>The card is in the condition shown in the pictures.</p><p>Any flaws or defects are photographed and disclosed.</p><p><br></p><p><strong>RETURNS &amp; GUARANTEES</strong></p><p>14-day returns accepted.</p><p>100% authentic guaranteed.</p><p>Carefully packaged to ensure safe delivery.</p><p><br></p><p><strong>PAYMENT</strong></p><p>Payment is expected within 2-3 days of purchase. If waiti<strong>n</strong>g on additional auctions to end, please let me know. I'd be happy to wait.</p><p><br></p><p><strong>QUESTIONS?</strong></p><p>Feel free to message me before purchasing if you need additional photos or have any questions about the card.<strong><span class=""ql-cursor"">﻿</span></strong></p><p><br></p><p>Thanks for looking and happy collecting!</p></div>",3.10,0.99,BASKETBALL,Yes,2020,Panini,2020-21 Panini Contenders,Game Ticket Bronze,Trae Young,5,,Atlanta Hawks,,Near Mint or Better,No,,,,,,0,,,,,,,433,https://storage.googleapis.com/cdp-batches-prod/51290-950044/50228324-front.jpg,https://storage.googleapis.com/cdp-batches-prod/51290-950044/50228324-back.jpg
Brandon Ingram Toronto Raptors 2024-25 Panini Select #44 Tri-Color Prizm,"<div class=""ql-editor""><p><br></p><p><strong>Player: </strong></p><p><strong>Team: Toronto Raptors</strong></p><p><strong>Set: Panini 2024-25 Panini Select </strong></p><p><strong>Additional info: Tri-Color Prizm </strong></p><p><br></p><p><span style=""background-color: rgb(255, 255, 255);"">Please check out our other listings for more great cards.</span></p><p><br></p><p><strong>SHIPPING &amp; HANDLING</strong></p><p>Cards are shipped within 1-3 business days of payment.</p><p><br></p><p><strong>CARD CONDITION</strong></p><p>Please review all photos carefully - what you see is what you get.</p><p>The card is in the condition shown in the pictures.</p><p>Any flaws or defects are photographed and disclosed.</p><p><br></p><p><strong>RETURNS &amp; GUARANTEES</strong></p><p>14-day returns accepted.</p><p>100% authentic guaranteed.</p><p>Carefully packaged to ensure safe delivery.</p><p><br></p><p><strong>PAYMENT</strong></p><p>Payment is expected within 2-3 days of purchase. If waiti<strong>n</strong>g on additional auctions to end, please let me know. I'd be happy to wait.</p><p><br></p><p><strong>QUESTIONS?</strong></p><p>Feel free to message me before purchasing if you need additional photos or have any questions about the card.<strong><span class=""ql-cursor"">﻿</span></strong></p><p><br></p><p>Thanks for looking and happy collecting!</p></div>",3.60,,BASKETBALL,Yes,2024,Panini,2024-25 Panini Select,Tri-Color Prizm,Brandon Ingram,44,,Toronto Raptors,,Near Mint or Better,No,,,,,,0,,,,,,,434,https://storage.googleapis.com/cdp-batches-prod/51290-950044/50228325-front.jpg,https://storage.googleapis.com/cdp-batches-prod/51290-950044/50228325-back.jpg
DeMar DeRozan Chicago Bulls 2022-23 Panini Select #105 Green Shock Prizms,"<div class=""ql-editor""><p><br></p><p><strong>Player: </strong></p><p><strong>Team: Chicago Bulls</strong></p><p><strong>Set: Panini 2022-23 Panini Select </strong></p><p><strong>Additional info: Green Shock Prizms </strong></p><p><br></p><p><span style=""background-color: rgb(255, 255, 255);"">Please check out our other listings for more great cards.</span></p><p><br></p><p><strong>SHIPPING &amp; HANDLING</strong></p><p>Cards are shipped within 1-3 business days of payment.</p><p><br></p><p><strong>CARD CONDITION</strong></p><p>Please review all photos carefully - what you see is what you get.</p><p>The card is in the condition shown in the pictures.</p><p>Any flaws or defects are photographed and disclosed.</p><p><br></p><p><strong>RETURNS &amp; GUARANTEES</strong></p><p>14-day returns accepted.</p><p>100% authentic guaranteed.</p><p>Carefully packaged to ensure safe delivery.</p><p><br></p><p><strong>PAYMENT</strong></p><p>Payment is expected within 2-3 days of purchase. If waiti<strong>n</strong>g on additional auctions to end, please let me know. I'd be happy to wait.</p><p><br></p><p><strong>QUESTIONS?</strong></p><p>Feel free to message me before purchasing if you need additional photos or have any questions about the card.<strong><span class=""ql-cursor"">﻿</span></strong></p><p><br></p><p>Thanks for looking and happy collecting!</p></div>",3.60,,BASKETBALL,Yes,2022,Panini,2022-23 Panini Select,Green Shock Prizms,DeMar DeRozan,105,,Chicago Bulls,,Near Mint or Better,No,,,,,,0,,,,,,,435,https://storage.googleapis.com/cdp-batches-prod/51290-950044/50228326-front.jpg,https://storage.googleapis.com/cdp-batches-prod/51290-950044/50228326-back.jpg
Joel Embiid Philadelphia 76ers 2023-24 Donruss #10 Unleashed Diamond,"<div class=""ql-editor""><p><br></p><p><strong>Player: </strong></p><p><strong>Team: Philadelphia 76ers</strong></p><p><strong>Set: Donruss 2023-24 Donruss </strong></p><p><strong>Additional info: Unleashed Diamond </strong></p><p><br></p><p><span style=""background-color: rgb(255, 255, 255);"">Please check out our other listings for more great cards.</span></p><p><br></p><p><strong>SHIPPING &amp; HANDLING</strong></p><p>Cards are shipped within 1-3 business days of payment.</p><p><br></p><p><strong>CARD CONDITION</strong></p><p>Please review all photos carefully - what you see is what you get.</p><p>The card is in the condition shown in the pictures.</p><p>Any flaws or defects are photographed and disclosed.</p><p><br></p><p><strong>RETURNS &amp; GUARANTEES</strong></p><p>14-day returns accepted.</p><p>100% authentic guaranteed.</p><p>Carefully packaged to ensure safe delivery.</p><p><br></p><p><strong>PAYMENT</strong></p><p>Payment is expected within 2-3 days of purchase. If waiti<strong>n</strong>g on additional auctions to end, please let me know. I'd be happy to wait.</p><p><br></p><p><strong>QUESTIONS?</strong></p><p>Feel free to message me before purchasing if you need additional photos or have any questions about the card.<strong><span class=""ql-cursor"">﻿</span></strong></p><p><br></p><p>Thanks for looking and happy collecting!</p></div>",10.00,6.00,BASKETBALL,Yes,2023,Donruss,2023-24 Donruss,Unleashed Diamond,Joel Embiid,10,,Philadelphia 76ers,,Near Mint or Better,No,,,,,,0,,,,,,,436,https://storage.googleapis.com/cdp-batches-prod/51290-950044/50228327-front.jpg,https://storage.googleapis.com/cdp-batches-prod/51290-950044/50228327-back.jpg
Immanuel Quickley Knicks Rookie 2020-21 Panini Prizm #296 Fast Break Prizms,"<div class=""ql-editor""><p><br></p><p><strong>Player: </strong></p><p><strong>Team: New York Knicks</strong></p><p><strong>Set: Prizm 2020-21 Panini Prizm </strong></p><p><strong>Additional info: Fast Break Prizms Rookie </strong></p><p><br></p><p><span style=""background-color: rgb(255, 255, 255);"">Please check out our other listings for more great cards.</span></p><p><br></p><p><strong>SHIPPING &amp; HANDLING</strong></p><p>Cards are shipped within 1-3 business days of payment.</p><p><br></p><p><strong>CARD CONDITION</strong></p><p>Please review all photos carefully - what you see is what you get.</p><p>The card is in the condition shown in the pictures.</p><p>Any flaws or defects are photographed and disclosed.</p><p><br></p><p><strong>RETURNS &amp; GUARANTEES</strong></p><p>14-day returns accepted.</p><p>100% authentic guaranteed.</p><p>Carefully packaged to ensure safe delivery.</p><p><br></p><p><strong>PAYMENT</strong></p><p>Payment is expected within 2-3 days of purchase. If waiti<strong>n</strong>g on additional auctions to end, please let me know. I'd be happy to wait.</p><p><br></p><p><strong>QUESTIONS?</strong></p><p>Feel free to message me before purchasing if you need additional photos or have any questions about the card.<strong><span class=""ql-cursor"">﻿</span></strong></p><p><br></p><p>Thanks for looking and happy collecting!</p></div>",5.00,6.00,BASKETBALL,Yes,2020,Prizm,2020-21 Panini Prizm,Fast Break Prizms,Immanuel Quickley,296,RC,New York Knicks,,Near Mint or Better,No,,,,,,0,,,,,,,437,https://storage.googleapis.com/cdp-batches-prod/51290-950044/50228328-front.jpg,https://storage.googleapis.com/cdp-batches-prod/51290-950044/50228328-back.jpg
Anthony Davis Los Angeles Lakers 2020-21 Panini Prizm #6 Fireworks Fast Break,"<div class=""ql-editor""><p><br></p><p><strong>Player: </strong></p><p><strong>Team: Los Angeles Lakers</strong></p><p><strong>Set: Prizm 2020-21 Panini Prizm </strong></p><p><strong>Additional info: Fireworks Fast Break </strong></p><p><br></p><p><span style=""background-color: rgb(255, 255, 255);"">Please check out our other listings for more great cards.</span></p><p><br></p><p><strong>SHIPPING &amp; HANDLING</strong></p><p>Cards are shipped within 1-3 business days of payment.</p><p><br></p><p><strong>CARD CONDITION</strong></p><p>Please review all photos carefully - what you see is what you get.</p><p>The card is in the condition shown in the pictures.</p><p>Any flaws or defects are photographed and disclosed.</p><p><br></p><p><strong>RETURNS &amp; GUARANTEES</strong></p><p>14-day returns accepted.</p><p>100% authentic guaranteed.</p><p>Carefully packaged to ensure safe delivery.</p><p><br></p><p><strong>PAYMENT</strong></p><p>Payment is expected within 2-3 days of purchase. If waiti<strong>n</strong>g on additional auctions to end, please let me know. I'd be happy to wait.</p><p><br></p><p><strong>QUESTIONS?</strong></p><p>Feel free to message me before purchasing if you need additional photos or have any questions about the card.<strong><span class=""ql-cursor"">﻿</span></strong></p><p><br></p><p>Thanks for looking and happy collecting!</p></div>",3.60,1.34,BASKETBALL,Yes,2020,Prizm,2020-21 Panini Prizm,Fireworks Fast Break,Anthony Davis,6,,Los Angeles Lakers,,Near Mint or Better,No,,,,,,0,,,,,,,438,https://storage.googleapis.com/cdp-batches-prod/51290-950044/50228329-front.jpg,https://storage.googleapis.com/cdp-batches-prod/51290-950044/50228329-back.jpg
Jayson Tatum Boston Celtics 2021-22 Panini Prizm #5 Dominance Prizms Silver,"<div class=""ql-editor""><p><br></p><p><strong>Player: </strong></p><p><strong>Team: Boston Celtics</strong></p><p><strong>Set: Prizm 2021-22 Panini Prizm </strong></p><p><strong>Additional info: Dominance Prizms Silver </strong></p><p><br></p><p><span style=""background-color: rgb(255, 255, 255);"">Please check out our other listings for more great cards.</span></p><p><br></p><p><strong>SHIPPING &amp; HANDLING</strong></p><p>Cards are shipped within 1-3 business days of payment.</p><p><br></p><p><strong>CARD CONDITION</strong></p><p>Please review all photos carefully - what you see is what you get.</p><p>The card is in the condition shown in the pictures.</p><p>Any flaws or defects are photographed and disclosed.</p><p><br></p><p><strong>RETURNS &amp; GUARANTEES</strong></p><p>14-day returns accepted.</p><p>100% authentic guaranteed.</p><p>Carefully packaged to ensure safe delivery.</p><p><br></p><p><strong>PAYMENT</strong></p><p>Payment is expected within 2-3 days of purchase. If waiti<strong>n</strong>g on additional auctions to end, please let me know. I'd be happy to wait.</p><p><br></p><p><strong>QUESTIONS?</strong></p><p>Feel free to message me before purchasing if you need additional photos or have any questions about the card.<strong><span class=""ql-cursor"">﻿</span></strong></p><p><br></p><p>Thanks for looking and happy collecting!</p></div>",3.60,1.99,BASKETBALL,Yes,2021,Prizm,2021-22 Panini Prizm,Dominance Prizms Silver,Jayson Tatum,5,,Boston Celtics,,Near Mint or Better,No,,,,,,0,,,,,,,439,https://storage.googleapis.com/cdp-batches-prod/51290-950044/50228330-front.jpg,https://storage.googleapis.com/cdp-batches-prod/51290-950044/50228330-back.jpg
Luka Doncic Los Angeles Lakers 2024-25 Panini Select #56 Blue Cracked Ice Prizm,"<div class=""ql-editor""><p><br></p><p><strong>Player: </strong></p><p><strong>Team: Los Angeles Lakers</strong></p><p><strong>Set: Prizm 2024-25 Panini Select </strong></p><p><strong>Additional info: Blue Cracked Ice Prizm </strong></p><p><br></p><p><span style=""background-color: rgb(255, 255, 255);"">Please check out our other listings for more great cards.</span></p><p><br></p><p><strong>SHIPPING &amp; HANDLING</strong></p><p>Cards are shipped within 1-3 business days of payment.</p><p><br></p><p><strong>CARD CONDITION</strong></p><p>Please review all photos carefully - what you see is what you get.</p><p>The card is in the condition shown in the pictures.</p><p>Any flaws or defects are photographed and disclosed.</p><p><br></p><p><strong>RETURNS &amp; GUARANTEES</strong></p><p>14-day returns accepted.</p><p>100% authentic guaranteed.</p><p>Carefully packaged to ensure safe delivery.</p><p><br></p><p><strong>PAYMENT</strong></p><p>Payment is expected within 2-3 days of purchase. If waiti<strong>n</strong>g on additional auctions to end, please let me know. I'd be happy to wait.</p><p><br></p><p><strong>QUESTIONS?</strong></p><p>Feel free to message me before purchasing if you need additional photos or have any questions about the card.<strong><span class=""ql-cursor"">﻿</span></strong></p><p><br></p><p>Thanks for looking and happy collecting!</p></div>",8.50,2.50,BASKETBALL,Yes,2024,Prizm,2024-25 Panini Select,Blue Cracked Ice Prizm,Luka Doncic,56,,Los Angeles Lakers,,Near Mint or Better,No,,,,,,0,,,,,,,441,https://storage.googleapis.com/cdp-batches-prod/51290-950044/50228332-front.jpg,https://storage.googleapis.com/cdp-batches-prod/51290-950044/50228332-back.jpg
Jayson Tatum Boston Celtics 2024-25 Panini Select #2 Blue Cracked Ice Prizm,"<div class=""ql-editor""><p><br></p><p><strong>Player: </strong></p><p><strong>Team: Boston Celtics</strong></p><p><strong>Set: Panini 2024-25 Panini Select </strong></p><p><strong>Additional info: Blue Cracked Ice Prizm </strong></p><p><br></p><p><span style=""background-color: rgb(255, 255, 255);"">Please check out our other listings for more great cards.</span></p><p><br></p><p><strong>SHIPPING &amp; HANDLING</strong></p><p>Cards are shipped within 1-3 business days of payment.</p><p><br></p><p><strong>CARD CONDITION</strong></p><p>Please review all photos carefully - what you see is what you get.</p><p>The card is in the condition shown in the pictures.</p><p>Any flaws or defects are photographed and disclosed.</p><p><br></p><p><strong>RETURNS &amp; GUARANTEES</strong></p><p>14-day returns accepted.</p><p>100% authentic guaranteed.</p><p>Carefully packaged to ensure safe delivery.</p><p><br></p><p><strong>PAYMENT</strong></p><p>Payment is expected within 2-3 days of purchase. If waiti<strong>n</strong>g on additional auctions to end, please let me know. I'd be happy to wait.</p><p><br></p><p><strong>QUESTIONS?</strong></p><p>Feel free to message me before purchasing if you need additional photos or have any questions about the card.<strong><span class=""ql-cursor"">﻿</span></strong></p><p><br></p><p>Thanks for looking and happy collecting!</p></div>",3.60,1.25,BASKETBALL,Yes,2024,Panini,2024-25 Panini Select,Blue Cracked Ice Prizm,Jayson Tatum,2,,Boston Celtics,,Near Mint or Better,No,,,,,,0,,,,,,,442,https://storage.googleapis.com/cdp-batches-prod/51290-950044/50228333-front.jpg,https://storage.googleapis.com/cdp-batches-prod/51290-950044/50228333-back.jpg
Anthony Edwards Timberwolves 2024-25 Panini Select #23 Blue Cracked Ice Prizm,"<div class=""ql-editor""><p><br></p><p><strong>Player: </strong></p><p><strong>Team: Minnesota Timberwolves</strong></p><p><strong>Set: Select 2024-25 Panini Select </strong></p><p><strong>Additional info: Blue Cracked Ice Prizm </strong></p><p><br></p><p><span style=""background-color: rgb(255, 255, 255);"">Please check out our other listings for more great cards.</span></p><p><br></p><p><strong>SHIPPING &amp; HANDLING</strong></p><p>Cards are shipped within 1-3 business days of payment.</p><p><br></p><p><strong>CARD CONDITION</strong></p><p>Please review all photos carefully - what you see is what you get.</p><p>The card is in the condition shown in the pictures.</p><p>Any flaws or defects are photographed and disclosed.</p><p><br></p><p><strong>RETURNS &amp; GUARANTEES</strong></p><p>14-day returns accepted.</p><p>100% authentic guaranteed.</p><p>Carefully packaged to ensure safe delivery.</p><p><br></p><p><strong>PAYMENT</strong></p><p>Payment is expected within 2-3 days of purchase. If waiti<strong>n</strong>g on additional auctions to end, please let me know. I'd be happy to wait.</p><p><br></p><p><strong>QUESTIONS?</strong></p><p>Feel free to message me before purchasing if you need additional photos or have any questions about the card.<strong><span class=""ql-cursor"">﻿</span></strong></p><p><br></p><p>Thanks for looking and happy collecting!</p></div>",8.50,1.50,BASKETBALL,Yes,2024,Select,2024-25 Panini Select,Blue Cracked Ice Prizm,Anthony Edwards,23,,Minnesota Timberwolves,,Near Mint or Better,No,,,,,,0,,,,,,,443,https://storage.googleapis.com/cdp-batches-prod/51290-950044/50228334-front.jpg,https://storage.googleapis.com/cdp-batches-prod/51290-950044/50228334-back.jpg
Paul George Philadelphia 76ers 2024-25 Panini Select #159 Silver Prizm,"<div class=""ql-editor""><p><br></p><p><strong>Player: </strong></p><p><strong>Team: Philadelphia 76ers</strong></p><p><strong>Set: Prizm 2024-25 Panini Select </strong></p><p><strong>Additional info: Silver Prizm </strong></p><p><br></p><p><span style=""background-color: rgb(255, 255, 255);"">Please check out our other listings for more great cards.</span></p><p><br></p><p><strong>SHIPPING &amp; HANDLING</strong></p><p>Cards are shipped within 1-3 business days of payment.</p><p><br></p><p><strong>CARD CONDITION</strong></p><p>Please review all photos carefully - what you see is what you get.</p><p>The card is in the condition shown in the pictures.</p><p>Any flaws or defects are photographed and disclosed.</p><p><br></p><p><strong>RETURNS &amp; GUARANTEES</strong></p><p>14-day returns accepted.</p><p>100% authentic guaranteed.</p><p>Carefully packaged to ensure safe delivery.</p><p><br></p><p><strong>PAYMENT</strong></p><p>Payment is expected within 2-3 days of purchase. If waiti<strong>n</strong>g on additional auctions to end, please let me know. I'd be happy to wait.</p><p><br></p><p><strong>QUESTIONS?</strong></p><p>Feel free to message me before purchasing if you need additional photos or have any questions about the card.<strong><span class=""ql-cursor"">﻿</span></strong></p><p><br></p><p>Thanks for looking and happy collecting!</p></div>",3.60,0.99,BASKETBALL,Yes,2024,Prizm,2024-25 Panini Select,Silver Prizm,Paul George,159,,Philadelphia 76ers,,Near Mint or Better,No,,,,,,0,,,,,,,444,https://storage.googleapis.com/cdp-batches-prod/51290-950044/50228335-front.jpg,https://storage.googleapis.com/cdp-batches-prod/51290-950044/50228335-back.jpg
LeBron James Los Angeles Lakers 2021-22 Panini Mosaic #246 Fast Break Silver,"<div class=""ql-editor""><p><br></p><p><strong>Player: </strong></p><p><strong>Team: Los Angeles Lakers</strong></p><p><strong>Set: Panini 2021-22 Panini Mosaic </strong></p><p><strong>Additional info: Fast Break Silver </strong></p><p><br></p><p><span style=""background-color: rgb(255, 255, 255);"">Please check out our other listings for more great cards.</span></p><p><br></p><p><strong>SHIPPING &amp; HANDLING</strong></p><p>Cards are shipped within 1-3 business days of payment.</p><p><br></p><p><strong>CARD CONDITION</strong></p><p>Please review all photos carefully - what you see is what you get.</p><p>The card is in the condition shown in the pictures.</p><p>Any flaws or defects are photographed and disclosed.</p><p><br></p><p><strong>RETURNS &amp; GUARANTEES</strong></p><p>14-day returns accepted.</p><p>100% authentic guaranteed.</p><p>Carefully packaged to ensure safe delivery.</p><p><br></p><p><strong>PAYMENT</strong></p><p>Payment is expected within 2-3 days of purchase. If waiti<strong>n</strong>g on additional auctions to end, please let me know. I'd be happy to wait.</p><p><br></p><p><strong>QUESTIONS?</strong></p><p>Feel free to message me before purchasing if you need additional photos or have any questions about the card.<strong><span class=""ql-cursor"">﻿</span></strong></p><p><br></p><p>Thanks for looking and happy collecting!</p></div>",20.00,9.00,BASKETBALL,Yes,2021,Panini,2021-22 Panini Mosaic,Fast Break Silver,LeBron James,246,,Los Angeles Lakers,,Near Mint or Better,No,,,,,,0,,,,,,,445,https://storage.googleapis.com/cdp-batches-prod/51290-950044/50228336-front.jpg,https://storage.googleapis.com/cdp-batches-prod/51290-950044/50228336-back.jpg
Kevin Garnett Boston Celtics 2025-26 Topps Chrome #247 RayWave Refractor,"<div class=""ql-editor""><p><br></p><p><strong>Player: </strong></p><p><strong>Team: Boston Celtics</strong></p><p><strong>Set: Topps 2025-26 Topps Chrome </strong></p><p><strong>Additional info: RayWave Refractor </strong></p><p><br></p><p><span style=""background-color: rgb(255, 255, 255);"">Please check out our other listings for more great cards.</span></p><p><br></p><p><strong>SHIPPING &amp; HANDLING</strong></p><p>Cards are shipped within 1-3 business days of payment.</p><p><br></p><p><strong>CARD CONDITION</strong></p><p>Please review all photos carefully - what you see is what you get.</p><p>The card is in the condition shown in the pictures.</p><p>Any flaws or defects are photographed and disclosed.</p><p><br></p><p><strong>RETURNS &amp; GUARANTEES</strong></p><p>14-day returns accepted.</p><p>100% authentic guaranteed.</p><p>Carefully packaged to ensure safe delivery.</p><p><br></p><p><strong>PAYMENT</strong></p><p>Payment is expected within 2-3 days of purchase. If waiti<strong>n</strong>g on additional auctions to end, please let me know. I'd be happy to wait.</p><p><br></p><p><strong>QUESTIONS?</strong></p><p>Feel free to message me before purchasing if you need additional photos or have any questions about the card.<strong><span class=""ql-cursor"">﻿</span></strong></p><p><br></p><p>Thanks for looking and happy collecting!</p></div>",3.60,1.79,BASKETBALL,Yes,2025,Topps,2025-26 Topps Chrome,RayWave Refractor,Kevin Garnett,247,,Boston Celtics,,Near Mint or Better,No,,,,,,0,,,,,,,446,https://storage.googleapis.com/cdp-batches-prod/51290-950044/50228337-front.jpg,https://storage.googleapis.com/cdp-batches-prod/51290-950044/50228337-back.jpg
Karl-Anthony Towns New York Knicks 2025-26 Topps Chrome #179 RayWave Refractor,"<div class=""ql-editor""><p><br></p><p><strong>Player: </strong></p><p><strong>Team: New York Knicks</strong></p><p><strong>Set: Topps 2025-26 Topps Chrome </strong></p><p><strong>Additional info: RayWave Refractor </strong></p><p><br></p><p><span style=""background-color: rgb(255, 255, 255);"">Please check out our other listings for more great cards.</span></p><p><br></p><p><strong>SHIPPING &amp; HANDLING</strong></p><p>Cards are shipped within 1-3 business days of payment.</p><p><br></p><p><strong>CARD CONDITION</strong></p><p>Please review all photos carefully - what you see is what you get.</p><p>The card is in the condition shown in the pictures.</p><p>Any flaws or defects are photographed and disclosed.</p><p><br></p><p><strong>RETURNS &amp; GUARANTEES</strong></p><p>14-day returns accepted.</p><p>100% authentic guaranteed.</p><p>Carefully packaged to ensure safe delivery.</p><p><br></p><p><strong>PAYMENT</strong></p><p>Payment is expected within 2-3 days of purchase. If waiti<strong>n</strong>g on additional auctions to end, please let me know. I'd be happy to wait.</p><p><br></p><p><strong>QUESTIONS?</strong></p><p>Feel free to message me before purchasing if you need additional photos or have any questions about the card.<strong><span class=""ql-cursor"">﻿</span></strong></p><p><br></p><p>Thanks for looking and happy collecting!</p></div>",3.60,0.99,BASKETBALL,Yes,2025,Topps,2025-26 Topps Chrome,RayWave Refractor,Karl-Anthony Towns,179,,New York Knicks,,Near Mint or Better,No,,,,,,0,,,,,,,447,https://storage.googleapis.com/cdp-batches-prod/51290-950044/50228338-front.jpg,https://storage.googleapis.com/cdp-batches-prod/51290-950044/50228338-back.jpg
Jalen Brunson Knicks 2024-25 Panini Select #151 Green White Purple Prizm,"<div class=""ql-editor""><p><br></p><p><strong>Player: </strong></p><p><strong>Team: New York Knicks</strong></p><p><strong>Set: Select 2024-25 Panini Select </strong></p><p><strong>Additional info: Green White Purple Prizm </strong></p><p><br></p><p><span style=""background-color: rgb(255, 255, 255);"">Please check out our other listings for more great cards.</span></p><p><br></p><p><strong>SHIPPING &amp; HANDLING</strong></p><p>Cards are shipped within 1-3 business days of payment.</p><p><br></p><p><strong>CARD CONDITION</strong></p><p>Please review all photos carefully - what you see is what you get.</p><p>The card is in the condition shown in the pictures.</p><p>Any flaws or defects are photographed and disclosed.</p><p><br></p><p><strong>RETURNS &amp; GUARANTEES</strong></p><p>14-day returns accepted.</p><p>100% authentic guaranteed.</p><p>Carefully packaged to ensure safe delivery.</p><p><br></p><p><strong>PAYMENT</strong></p><p>Payment is expected within 2-3 days of purchase. If waiti<strong>n</strong>g on additional auctions to end, please let me know. I'd be happy to wait.</p><p><br></p><p><strong>QUESTIONS?</strong></p><p>Feel free to message me before purchasing if you need additional photos or have any questions about the card.<strong><span class=""ql-cursor"">﻿</span></strong></p><p><br></p><p>Thanks for looking and happy collecting!</p></div>",3.60,0.99,BASKETBALL,Yes,2024,Select,2024-25 Panini Select,Green White Purple Prizm,Jalen Brunson,151,,New York Knicks,,Near Mint or Better,No,,,,,,0,,,,,,,449,https://storage.googleapis.com/cdp-batches-prod/51290-950044/50228340-front.jpg,https://storage.googleapis.com/cdp-batches-prod/51290-950044/50228340-back.jpg
Jalen Brunson Knicks 2024-25 Panini Select #42 Blue Cracked Ice Prizm,"<div class=""ql-editor""><p><br></p><p><strong>Player: </strong></p><p><strong>Team: New York Knicks</strong></p><p><strong>Set: Panini 2024-25 Panini Select </strong></p><p><strong>Additional info: Blue Cracked Ice Prizm </strong></p><p><br></p><p><span style=""background-color: rgb(255, 255, 255);"">Please check out our other listings for more great cards.</span></p><p><br></p><p><strong>SHIPPING &amp; HANDLING</strong></p><p>Cards are shipped within 1-3 business days of payment.</p><p><br></p><p><strong>CARD CONDITION</strong></p><p>Please review all photos carefully - what you see is what you get.</p><p>The card is in the condition shown in the pictures.</p><p>Any flaws or defects are photographed and disclosed.</p><p><br></p><p><strong>RETURNS &amp; GUARANTEES</strong></p><p>14-day returns accepted.</p><p>100% authentic guaranteed.</p><p>Carefully packaged to ensure safe delivery.</p><p><br></p><p><strong>PAYMENT</strong></p><p>Payment is expected within 2-3 days of purchase. If waiti<strong>n</strong>g on additional auctions to end, please let me know. I'd be happy to wait.</p><p><br></p><p><strong>QUESTIONS?</strong></p><p>Feel free to message me before purchasing if you need additional photos or have any questions about the card.<strong><span class=""ql-cursor"">﻿</span></strong></p><p><br></p><p>Thanks for looking and happy collecting!</p></div>",3.60,1.25,BASKETBALL,Yes,2024,Panini,2024-25 Panini Select,Blue Cracked Ice Prizm,Jalen Brunson,42,,New York Knicks,,Near Mint or Better,No,,,,,,0,,,,,,,450,https://storage.googleapis.com/cdp-batches-prod/51290-950044/50228341-front.jpg,https://storage.googleapis.com/cdp-batches-prod/51290-950044/50228341-back.jpg
Lauri Markkanen Utah Jazz 2024-25 Panini Select #136 Blue Prizm,"<div class=""ql-editor""><p><br></p><p><strong>Player: </strong></p><p><strong>Team: Utah Jazz</strong></p><p><strong>Set: Select 2024-25 Panini Select </strong></p><p><strong>Additional info: Blue Prizm </strong></p><p><br></p><p><span style=""background-color: rgb(255, 255, 255);"">Please check out our other listings for more great cards.</span></p><p><br></p><p><strong>SHIPPING &amp; HANDLING</strong></p><p>Cards are shipped within 1-3 business days of payment.</p><p><br></p><p><strong>CARD CONDITION</strong></p><p>Please review all photos carefully - what you see is what you get.</p><p>The card is in the condition shown in the pictures.</p><p>Any flaws or defects are photographed and disclosed.</p><p><br></p><p><strong>RETURNS &amp; GUARANTEES</strong></p><p>14-day returns accepted.</p><p>100% authentic guaranteed.</p><p>Carefully packaged to ensure safe delivery.</p><p><br></p><p><strong>PAYMENT</strong></p><p>Payment is expected within 2-3 days of purchase. If waiti<strong>n</strong>g on additional auctions to end, please let me know. I'd be happy to wait.</p><p><br></p><p><strong>QUESTIONS?</strong></p><p>Feel free to message me before purchasing if you need additional photos or have any questions about the card.<strong><span class=""ql-cursor"">﻿</span></strong></p><p><br></p><p>Thanks for looking and happy collecting!</p></div>",3.60,2.09,BASKETBALL,Yes,2024,Select,2024-25 Panini Select,Blue Prizm,Lauri Markkanen,136,,Utah Jazz,,Near Mint or Better,No,,,,,,0,,,,,,,451,https://storage.googleapis.com/cdp-batches-prod/51290-950044/50228342-front.jpg,https://storage.googleapis.com/cdp-batches-prod/51290-950044/50228342-back.jpg
Jalen Duren Detroit Pistons 2025-26 Topps #41 Blackout,"<div class=""ql-editor""><p><br></p><p><strong>Player: </strong></p><p><strong>Team: Detroit Pistons</strong></p><p><strong>Set: Topps 2025-26 Topps </strong></p><p><strong>Additional info: Blackout </strong></p><p><br></p><p><span style=""background-color: rgb(255, 255, 255);"">Please check out our other listings for more great cards.</span></p><p><br></p><p><strong>SHIPPING &amp; HANDLING</strong></p><p>Cards are shipped within 1-3 business days of payment.</p><p><br></p><p><strong>CARD CONDITION</strong></p><p>Please review all photos carefully - what you see is what you get.</p><p>The card is in the condition shown in the pictures.</p><p>Any flaws or defects are photographed and disclosed.</p><p><br></p><p><strong>RETURNS &amp; GUARANTEES</strong></p><p>14-day returns accepted.</p><p>100% authentic guaranteed.</p><p>Carefully packaged to ensure safe delivery.</p><p><br></p><p><strong>PAYMENT</strong></p><p>Payment is expected within 2-3 days of purchase. If waiti<strong>n</strong>g on additional auctions to end, please let me know. I'd be happy to wait.</p><p><br></p><p><strong>QUESTIONS?</strong></p><p>Feel free to message me before purchasing if you need additional photos or have any questions about the card.<strong><span class=""ql-cursor"">﻿</span></strong></p><p><br></p><p>Thanks for looking and happy collecting!</p></div>",3.60,0.99,BASKETBALL,Yes,2025,Topps,2025-26 Topps,Blackout,Jalen Duren,41,,Detroit Pistons,,Near Mint or Better,No,,,,,,0,,,,,,,452,https://storage.googleapis.com/cdp-batches-prod/51290-950044/50228344-front.jpg,https://storage.googleapis.com/cdp-batches-prod/51290-950044/50228344-back.jpg
Alperen Sengun Houston Rockets 2025-26 Topps Chrome #98 X-Fractor,"<div class=""ql-editor""><p><br></p><p><strong>Player: </strong></p><p><strong>Team: Houston Rockets</strong></p><p><strong>Set: Topps 2025-26 Topps Chrome </strong></p><p><strong>Additional info: X-Fractor </strong></p><p><br></p><p><span style=""background-color: rgb(255, 255, 255);"">Please check out our other listings for more great cards.</span></p><p><br></p><p><strong>SHIPPING &amp; HANDLING</strong></p><p>Cards are shipped within 1-3 business days of payment.</p><p><br></p><p><strong>CARD CONDITION</strong></p><p>Please review all photos carefully - what you see is what you get.</p><p>The card is in the condition shown in the pictures.</p><p>Any flaws or defects are photographed and disclosed.</p><p><br></p><p><strong>RETURNS &amp; GUARANTEES</strong></p><p>14-day returns accepted.</p><p>100% authentic guaranteed.</p><p>Carefully packaged to ensure safe delivery.</p><p><br></p><p><strong>PAYMENT</strong></p><p>Payment is expected within 2-3 days of purchase. If waiti<strong>n</strong>g on additional auctions to end, please let me know. I'd be happy to wait.</p><p><br></p><p><strong>QUESTIONS?</strong></p><p>Feel free to message me before purchasing if you need additional photos or have any questions about the card.<strong><span class=""ql-cursor"">﻿</span></strong></p><p><br></p><p>Thanks for looking and happy collecting!</p></div>",3.60,1.13,BASKETBALL,Yes,2025,Topps,2025-26 Topps Chrome,X-Fractor,Alperen Sengun,98,,Houston Rockets,,Near Mint or Better,No,,,,,,0,,,,,,,453,https://storage.googleapis.com/cdp-batches-prod/51290-950044/50228346-front.jpg,https://storage.googleapis.com/cdp-batches-prod/51290-950044/50228346-back.jpg
Dwyane Wade Miami Heat 2025-26 Topps Chrome #241 X-Fractor,"<div class=""ql-editor""><p><br></p><p><strong>Player: </strong></p><p><strong>Team: Miami Heat</strong></p><p><strong>Set: Topps 2025-26 Topps Chrome </strong></p><p><strong>Additional info: X-Fractor </strong></p><p><br></p><p><span style=""background-color: rgb(255, 255, 255);"">Please check out our other listings for more great cards.</span></p><p><br></p><p><strong>SHIPPING &amp; HANDLING</strong></p><p>Cards are shipped within 1-3 business days of payment.</p><p><br></p><p><strong>CARD CONDITION</strong></p><p>Please review all photos carefully - what you see is what you get.</p><p>The card is in the condition shown in the pictures.</p><p>Any flaws or defects are photographed and disclosed.</p><p><br></p><p><strong>RETURNS &amp; GUARANTEES</strong></p><p>14-day returns accepted.</p><p>100% authentic guaranteed.</p><p>Carefully packaged to ensure safe delivery.</p><p><br></p><p><strong>PAYMENT</strong></p><p>Payment is expected within 2-3 days of purchase. If waiti<strong>n</strong>g on additional auctions to end, please let me know. I'd be happy to wait.</p><p><br></p><p><strong>QUESTIONS?</strong></p><p>Feel free to message me before purchasing if you need additional photos or have any questions about the card.<strong><span class=""ql-cursor"">﻿</span></strong></p><p><br></p><p>Thanks for looking and happy collecting!</p></div>",3.60,1.00,BASKETBALL,Yes,2025,Topps,2025-26 Topps Chrome,X-Fractor,Dwyane Wade,241,,Miami Heat,,Near Mint or Better,No,,,,,,0,,,,,,,454,https://storage.googleapis.com/cdp-batches-prod/51290-950044/50228350-front.jpg,https://storage.googleapis.com/cdp-batches-prod/51290-950044/50228350-back.jpg
Russell Westbrook Denver Nuggets 2025-26 Topps Chrome #15 Pulsar Refractor,"<div class=""ql-editor""><p><br></p><p><strong>Player: </strong></p><p><strong>Team: Denver Nuggets</strong></p><p><strong>Set: Topps 2025-26 Topps Chrome </strong></p><p><strong>Additional info: Pulsar Refractor </strong></p><p><br></p><p><span style=""background-color: rgb(255, 255, 255);"">Please check out our other listings for more great cards.</span></p><p><br></p><p><strong>SHIPPING &amp; HANDLING</strong></p><p>Cards are shipped within 1-3 business days of payment.</p><p><br></p><p><strong>CARD CONDITION</strong></p><p>Please review all photos carefully - what you see is what you get.</p><p>The card is in the condition shown in the pictures.</p><p>Any flaws or defects are photographed and disclosed.</p><p><br></p><p><strong>RETURNS &amp; GUARANTEES</strong></p><p>14-day returns accepted.</p><p>100% authentic guaranteed.</p><p>Carefully packaged to ensure safe delivery.</p><p><br></p><p><strong>PAYMENT</strong></p><p>Payment is expected within 2-3 days of purchase. If waiti<strong>n</strong>g on additional auctions to end, please let me know. I'd be happy to wait.</p><p><br></p><p><strong>QUESTIONS?</strong></p><p>Feel free to message me before purchasing if you need additional photos or have any questions about the card.<strong><span class=""ql-cursor"">﻿</span></strong></p><p><br></p><p>Thanks for looking and happy collecting!</p></div>",3.60,0.99,BASKETBALL,Yes,2025,Topps,2025-26 Topps Chrome,Pulsar Refractor,Russell Westbrook,15,,Denver Nuggets,,Near Mint or Better,No,,,,,,0,,,,,,,455,https://storage.googleapis.com/cdp-batches-prod/51290-950044/50228354-front.jpg,https://storage.googleapis.com/cdp-batches-prod/51290-950044/50228354-back.jpg
Russell Westbrook Denver Nuggets 2025-26 Topps Chrome #15 X-Fractor,"<div class=""ql-editor""><p><br></p><p><strong>Player: </strong></p><p><strong>Team: Denver Nuggets</strong></p><p><strong>Set: Topps 2025-26 Topps Chrome </strong></p><p><strong>Additional info: X-Fractor </strong></p><p><br></p><p><span style=""background-color: rgb(255, 255, 255);"">Please check out our other listings for more great cards.</span></p><p><br></p><p><strong>SHIPPING &amp; HANDLING</strong></p><p>Cards are shipped within 1-3 business days of payment.</p><p><br></p><p><strong>CARD CONDITION</strong></p><p>Please review all photos carefully - what you see is what you get.</p><p>The card is in the condition shown in the pictures.</p><p>Any flaws or defects are photographed and disclosed.</p><p><br></p><p><strong>RETURNS &amp; GUARANTEES</strong></p><p>14-day returns accepted.</p><p>100% authentic guaranteed.</p><p>Carefully packaged to ensure safe delivery.</p><p><br></p><p><strong>PAYMENT</strong></p><p>Payment is expected within 2-3 days of purchase. If waiti<strong>n</strong>g on additional auctions to end, please let me know. I'd be happy to wait.</p><p><br></p><p><strong>QUESTIONS?</strong></p><p>Feel free to message me before purchasing if you need additional photos or have any questions about the card.<strong><span class=""ql-cursor"">﻿</span></strong></p><p><br></p><p>Thanks for looking and happy collecting!</p></div>",3.60,1.31,BASKETBALL,Yes,2025,Topps,2025-26 Topps Chrome,X-Fractor,Russell Westbrook,15,,Denver Nuggets,,Near Mint or Better,No,,,,,,0,,,,,,,456,https://storage.googleapis.com/cdp-batches-prod/51290-950044/50228356-front.jpg,https://storage.googleapis.com/cdp-batches-prod/51290-950044/50228356-back.jpg
LaMarcus Aldridge Portland Trail Blazers 2013-14 Hoops #116 Red Back,"<div class=""ql-editor""><p><br></p><p><strong>Player: </strong></p><p><strong>Team: Portland Trail Blazers</strong></p><p><strong>Set: 2013-14 Hoops </strong></p><p><strong>Additional info: Red Back </strong></p><p><br></p><p><span style=""background-color: rgb(255, 255, 255);"">Please check out our other listings for more great cards.</span></p><p><br></p><p><strong>SHIPPING &amp; HANDLING</strong></p><p>Cards are shipped within 1-3 business days of payment.</p><p><br></p><p><strong>CARD CONDITION</strong></p><p>Please review all photos carefully - what you see is what you get.</p><p>The card is in the condition shown in the pictures.</p><p>Any flaws or defects are photographed and disclosed.</p><p><br></p><p><strong>RETURNS &amp; GUARANTEES</strong></p><p>14-day returns accepted.</p><p>100% authentic guaranteed.</p><p>Carefully packaged to ensure safe delivery.</p><p><br></p><p><strong>PAYMENT</strong></p><p>Payment is expected within 2-3 days of purchase. If waiti<strong>n</strong>g on additional auctions to end, please let me know. I'd be happy to wait.</p><p><br></p><p><strong>QUESTIONS?</strong></p><p>Feel free to message me before purchasing if you need additional photos or have any questions about the card.<strong><span class=""ql-cursor"">﻿</span></strong></p><p><br></p><p>Thanks for looking and happy collecting!</p></div>",3.60,2.15,BASKETBALL,Yes,2013,,2013-14 Hoops,Red Back,LaMarcus Aldridge,116,,Portland Trail Blazers,,Near Mint or Better,No,,,,,,0,,,,,,,457,https://storage.googleapis.com/cdp-batches-prod/51290-950044/50228357-front.jpg,https://storage.googleapis.com/cdp-batches-prod/51290-950044/50228357-back.jpg
James Harden Houston Rockets 2019-20 Panini Chronicles #83 Bronze,"<div class=""ql-editor""><p><br></p><p><strong>Player: </strong></p><p><strong>Team: Houston Rockets</strong></p><p><strong>Set: Panini 2019-20 Panini Chronicles </strong></p><p><strong>Additional info: Bronze </strong></p><p><br></p><p><span style=""background-color: rgb(255, 255, 255);"">Please check out our other listings for more great cards.</span></p><p><br></p><p><strong>SHIPPING &amp; HANDLING</strong></p><p>Cards are shipped within 1-3 business days of payment.</p><p><br></p><p><strong>CARD CONDITION</strong></p><p>Please review all photos carefully - what you see is what you get.</p><p>The card is in the condition shown in the pictures.</p><p>Any flaws or defects are photographed and disclosed.</p><p><br></p><p><strong>RETURNS &amp; GUARANTEES</strong></p><p>14-day returns accepted.</p><p>100% authentic guaranteed.</p><p>Carefully packaged to ensure safe delivery.</p><p><br></p><p><strong>PAYMENT</strong></p><p>Payment is expected within 2-3 days of purchase. If waiti<strong>n</strong>g on additional auctions to end, please let me know. I'd be happy to wait.</p><p><br></p><p><strong>QUESTIONS?</strong></p><p>Feel free to message me before purchasing if you need additional photos or have any questions about the card.<strong><span class=""ql-cursor"">﻿</span></strong></p><p><br></p><p>Thanks for looking and happy collecting!</p></div>",3.10,21.39,BASKETBALL,Yes,2019,Panini,2019-20 Panini Chronicles,Bronze,James Harden,83,,Houston Rockets,,Near Mint or Better,No,,,,,,0,,,,,,,458,https://storage.googleapis.com/cdp-batches-prod/51290-950044/50228358-front.jpg,https://storage.googleapis.com/cdp-batches-prod/51290-950044/50228358-back.jpg
DeMar DeRozan Chicago Bulls 2023-24 Panini Phoenix #108 Phoenix Teal Lazer,"<div class=""ql-editor""><p><br></p><p><strong>Player: </strong></p><p><strong>Team: Chicago Bulls</strong></p><p><strong>Set: Panini 2023-24 Panini Phoenix </strong></p><p><strong>Additional info: Phoenix Teal Lazer </strong></p><p><br></p><p><span style=""background-color: rgb(255, 255, 255);"">Please check out our other listings for more great cards.</span></p><p><br></p><p><strong>SHIPPING &amp; HANDLING</strong></p><p>Cards are shipped within 1-3 business days of payment.</p><p><br></p><p><strong>CARD CONDITION</strong></p><p>Please review all photos carefully - what you see is what you get.</p><p>The card is in the condition shown in the pictures.</p><p>Any flaws or defects are photographed and disclosed.</p><p><br></p><p><strong>RETURNS &amp; GUARANTEES</strong></p><p>14-day returns accepted.</p><p>100% authentic guaranteed.</p><p>Carefully packaged to ensure safe delivery.</p><p><br></p><p><strong>PAYMENT</strong></p><p>Payment is expected within 2-3 days of purchase. If waiti<strong>n</strong>g on additional auctions to end, please let me know. I'd be happy to wait.</p><p><br></p><p><strong>QUESTIONS?</strong></p><p>Feel free to message me before purchasing if you need additional photos or have any questions about the card.<strong><span class=""ql-cursor"">﻿</span></strong></p><p><br></p><p>Thanks for looking and happy collecting!</p></div>",3.60,0.99,BASKETBALL,Yes,2023,Panini,2023-24 Panini Phoenix,Phoenix Teal Lazer,DeMar DeRozan,108,,Chicago Bulls,,Near Mint or Better,No,,,,,,0,,,,,,,459,https://storage.googleapis.com/cdp-batches-prod/51290-950044/50228359-front.jpg,https://storage.googleapis.com/cdp-batches-prod/51290-950044/50228359-back.jpg
DeMar DeRozan Chicago Bulls 2023-24 Panini Prizm #36 Prizms Pulsar,"<div class=""ql-editor""><p><br></p><p><strong>Player: </strong></p><p><strong>Team: Chicago Bulls</strong></p><p><strong>Set: Panini 2023-24 Panini Prizm </strong></p><p><strong>Additional info: Prizms Pulsar </strong></p><p><br></p><p><span style=""background-color: rgb(255, 255, 255);"">Please check out our other listings for more great cards.</span></p><p><br></p><p><strong>SHIPPING &amp; HANDLING</strong></p><p>Cards are shipped within 1-3 business days of payment.</p><p><br></p><p><strong>CARD CONDITION</strong></p><p>Please review all photos carefully - what you see is what you get.</p><p>The card is in the condition shown in the pictures.</p><p>Any flaws or defects are photographed and disclosed.</p><p><br></p><p><strong>RETURNS &amp; GUARANTEES</strong></p><p>14-day returns accepted.</p><p>100% authentic guaranteed.</p><p>Carefully packaged to ensure safe delivery.</p><p><br></p><p><strong>PAYMENT</strong></p><p>Payment is expected within 2-3 days of purchase. If waiti<strong>n</strong>g on additional auctions to end, please let me know. I'd be happy to wait.</p><p><br></p><p><strong>QUESTIONS?</strong></p><p>Feel free to message me before purchasing if you need additional photos or have any questions about the card.<strong><span class=""ql-cursor"">﻿</span></strong></p><p><br></p><p>Thanks for looking and happy collecting!</p></div>",3.60,1.53,BASKETBALL,Yes,2023,Panini,2023-24 Panini Prizm,Prizms Pulsar,DeMar DeRozan,36,,Chicago Bulls,,Near Mint or Better,No,,,,,,0,,,,,,,460,https://storage.googleapis.com/cdp-batches-prod/51290-950044/50228360-front.jpg,https://storage.googleapis.com/cdp-batches-prod/51290-950044/50228360-back.jpg
Pete Maravich New Orleans Jazz 2022-23 Panini Prizm #286 Prizms Fast Break,"<div class=""ql-editor""><p><br></p><p><strong>Player: </strong></p><p><strong>Team: New Orleans Jazz</strong></p><p><strong>Set: Panini 2022-23 Panini Prizm </strong></p><p><strong>Additional info: Prizms Fast Break </strong></p><p><br></p><p><span style=""background-color: rgb(255, 255, 255);"">Please check out our other listings for more great cards.</span></p><p><br></p><p><strong>SHIPPING &amp; HANDLING</strong></p><p>Cards are shipped within 1-3 business days of payment.</p><p><br></p><p><strong>CARD CONDITION</strong></p><p>Please review all photos carefully - what you see is what you get.</p><p>The card is in the condition shown in the pictures.</p><p>Any flaws or defects are photographed and disclosed.</p><p><br></p><p><strong>RETURNS &amp; GUARANTEES</strong></p><p>14-day returns accepted.</p><p>100% authentic guaranteed.</p><p>Carefully packaged to ensure safe delivery.</p><p><br></p><p><strong>PAYMENT</strong></p><p>Payment is expected within 2-3 days of purchase. If waiti<strong>n</strong>g on additional auctions to end, please let me know. I'd be happy to wait.</p><p><br></p><p><strong>QUESTIONS?</strong></p><p>Feel free to message me before purchasing if you need additional photos or have any questions about the card.<strong><span class=""ql-cursor"">﻿</span></strong></p><p><br></p><p>Thanks for looking and happy collecting!</p></div>",3.60,2.50,BASKETBALL,Yes,2022,Panini,2022-23 Panini Prizm,Prizms Fast Break,Pete Maravich,286,,New Orleans Jazz,,Near Mint or Better,No,,,,,,0,,,,,,,461,https://storage.googleapis.com/cdp-batches-prod/51290-950044/50228361-front.jpg,https://storage.googleapis.com/cdp-batches-prod/51290-950044/50228361-back.jpg
Anthony Davis Los Angeles Lakers 2021-22 Panini Prizm #21 Prizmatic Fast Break,"<div class=""ql-editor""><p><br></p><p><strong>Player: </strong></p><p><strong>Team: Los Angeles Lakers</strong></p><p><strong>Set: Prizm 2021-22 Panini Prizm </strong></p><p><strong>Additional info: Prizmatic Fast Break </strong></p><p><br></p><p><span style=""background-color: rgb(255, 255, 255);"">Please check out our other listings for more great cards.</span></p><p><br></p><p><strong>SHIPPING &amp; HANDLING</strong></p><p>Cards are shipped within 1-3 business days of payment.</p><p><br></p><p><strong>CARD CONDITION</strong></p><p>Please review all photos carefully - what you see is what you get.</p><p>The card is in the condition shown in the pictures.</p><p>Any flaws or defects are photographed and disclosed.</p><p><br></p><p><strong>RETURNS &amp; GUARANTEES</strong></p><p>14-day returns accepted.</p><p>100% authentic guaranteed.</p><p>Carefully packaged to ensure safe delivery.</p><p><br></p><p><strong>PAYMENT</strong></p><p>Payment is expected within 2-3 days of purchase. If waiti<strong>n</strong>g on additional auctions to end, please let me know. I'd be happy to wait.</p><p><br></p><p><strong>QUESTIONS?</strong></p><p>Feel free to message me before purchasing if you need additional photos or have any questions about the card.<strong><span class=""ql-cursor"">﻿</span></strong></p><p><br></p><p>Thanks for looking and happy collecting!</p></div>",3.60,2.68,BASKETBALL,Yes,2021,Prizm,2021-22 Panini Prizm,Prizmatic Fast Break,Anthony Davis,21,,Los Angeles Lakers,,Near Mint or Better,No,,,,,,0,,,,,,,462,https://storage.googleapis.com/cdp-batches-prod/51290-950044/50228362-front.jpg,https://storage.googleapis.com/cdp-batches-prod/51290-950044/50228362-back.jpg
Damian Lillard Portland Trail Blazers 2022-23 Panini Mosaic #38 Red Wave,"<div class=""ql-editor""><p><br></p><p><strong>Player: </strong></p><p><strong>Team: Portland Trail Blazers</strong></p><p><strong>Set: Panini 2022-23 Panini Mosaic </strong></p><p><strong>Additional info: Red Wave </strong></p><p><br></p><p><span style=""background-color: rgb(255, 255, 255);"">Please check out our other listings for more great cards.</span></p><p><br></p><p><strong>SHIPPING &amp; HANDLING</strong></p><p>Cards are shipped within 1-3 business days of payment.</p><p><br></p><p><strong>CARD CONDITION</strong></p><p>Please review all photos carefully - what you see is what you get.</p><p>The card is in the condition shown in the pictures.</p><p>Any flaws or defects are photographed and disclosed.</p><p><br></p><p><strong>RETURNS &amp; GUARANTEES</strong></p><p>14-day returns accepted.</p><p>100% authentic guaranteed.</p><p>Carefully packaged to ensure safe delivery.</p><p><br></p><p><strong>PAYMENT</strong></p><p>Payment is expected within 2-3 days of purchase. If waiti<strong>n</strong>g on additional auctions to end, please let me know. I'd be happy to wait.</p><p><br></p><p><strong>QUESTIONS?</strong></p><p>Feel free to message me before purchasing if you need additional photos or have any questions about the card.<strong><span class=""ql-cursor"">﻿</span></strong></p><p><br></p><p>Thanks for looking and happy collecting!</p></div>",3.60,3.45,BASKETBALL,Yes,2022,Panini,2022-23 Panini Mosaic,Red Wave,Damian Lillard,38,,Portland Trail Blazers,,Near Mint or Better,No,,,,,,0,,,,,,,463,https://storage.googleapis.com/cdp-batches-prod/51290-950044/50228363-front.jpg,https://storage.googleapis.com/cdp-batches-prod/51290-950044/50228363-back.jpg
Cade Cunningham Detroit Pistons 2022-23 Panini Mosaic #6 Blue Wave,"<div class=""ql-editor""><p><br></p><p><strong>Player: </strong></p><p><strong>Team: Detroit Pistons</strong></p><p><strong>Set: Panini 2022-23 Panini Mosaic </strong></p><p><strong>Additional info: Blue Wave </strong></p><p><br></p><p><span style=""background-color: rgb(255, 255, 255);"">Please check out our other listings for more great cards.</span></p><p><br></p><p><strong>SHIPPING &amp; HANDLING</strong></p><p>Cards are shipped within 1-3 business days of payment.</p><p><br></p><p><strong>CARD CONDITION</strong></p><p>Please review all photos carefully - what you see is what you get.</p><p>The card is in the condition shown in the pictures.</p><p>Any flaws or defects are photographed and disclosed.</p><p><br></p><p><strong>RETURNS &amp; GUARANTEES</strong></p><p>14-day returns accepted.</p><p>100% authentic guaranteed.</p><p>Carefully packaged to ensure safe delivery.</p><p><br></p><p><strong>PAYMENT</strong></p><p>Payment is expected within 2-3 days of purchase. If waiti<strong>n</strong>g on additional auctions to end, please let me know. I'd be happy to wait.</p><p><br></p><p><strong>QUESTIONS?</strong></p><p>Feel free to message me before purchasing if you need additional photos or have any questions about the card.<strong><span class=""ql-cursor"">﻿</span></strong></p><p><br></p><p>Thanks for looking and happy collecting!</p></div>",5.00,0.99,BASKETBALL,Yes,2022,Panini,2022-23 Panini Mosaic,Blue Wave,Cade Cunningham,6,,Detroit Pistons,,Near Mint or Better,No,,,,,,0,,,,,,,464,https://storage.googleapis.com/cdp-batches-prod/51290-950044/50228365-front.jpg,https://storage.googleapis.com/cdp-batches-prod/51290-950044/50228365-back.jpg
Devin Booker Phoenix Suns 2019-20 Hoops Premium Stock #149 Prizms Red Flash,"<div class=""ql-editor""><p><br></p><p><strong>Player: </strong></p><p><strong>Team: Phoenix Suns</strong></p><p><strong>Set: Prizm 2019-20 Hoops Premium Stock </strong></p><p><strong>Additional info: Prizms Red Flash </strong></p><p><br></p><p><span style=""background-color: rgb(255, 255, 255);"">Please check out our other listings for more great cards.</span></p><p><br></p><p><strong>SHIPPING &amp; HANDLING</strong></p><p>Cards are shipped within 1-3 business days of payment.</p><p><br></p><p><strong>CARD CONDITION</strong></p><p>Please review all photos carefully - what you see is what you get.</p><p>The card is in the condition shown in the pictures.</p><p>Any flaws or defects are photographed and disclosed.</p><p><br></p><p><strong>RETURNS &amp; GUARANTEES</strong></p><p>14-day returns accepted.</p><p>100% authentic guaranteed.</p><p>Carefully packaged to ensure safe delivery.</p><p><br></p><p><strong>PAYMENT</strong></p><p>Payment is expected within 2-3 days of purchase. If waiti<strong>n</strong>g on additional auctions to end, please let me know. I'd be happy to wait.</p><p><br></p><p><strong>QUESTIONS?</strong></p><p>Feel free to message me before purchasing if you need additional photos or have any questions about the card.<strong><span class=""ql-cursor"">﻿</span></strong></p><p><br></p><p>Thanks for looking and happy collecting!</p></div>",3.60,7.00,BASKETBALL,Yes,2019,Prizm,2019-20 Hoops Premium Stock,Prizms Red Flash,Devin Booker,149,,Phoenix Suns,,Near Mint or Better,No,,,,,,0,,,,,,,465,https://storage.googleapis.com/cdp-batches-prod/51290-950044/50228368-front.jpg,https://storage.googleapis.com/cdp-batches-prod/51290-950044/50228368-back.jpg
Luka Doncic Dallas Mavericks 2020-21 Panini Revolution #10 Supernova Fractal,"<div class=""ql-editor""><p><br></p><p><strong>Player: </strong></p><p><strong>Team: Dallas Mavericks</strong></p><p><strong>Set: Panini 2020-21 Panini Revolution </strong></p><p><strong>Additional info: Supernova Fractal </strong></p><p><br></p><p><span style=""background-color: rgb(255, 255, 255);"">Please check out our other listings for more great cards.</span></p><p><br></p><p><strong>SHIPPING &amp; HANDLING</strong></p><p>Cards are shipped within 1-3 business days of payment.</p><p><br></p><p><strong>CARD CONDITION</strong></p><p>Please review all photos carefully - what you see is what you get.</p><p>The card is in the condition shown in the pictures.</p><p>Any flaws or defects are photographed and disclosed.</p><p><br></p><p><strong>RETURNS &amp; GUARANTEES</strong></p><p>14-day returns accepted.</p><p>100% authentic guaranteed.</p><p>Carefully packaged to ensure safe delivery.</p><p><br></p><p><strong>PAYMENT</strong></p><p>Payment is expected within 2-3 days of purchase. If waiti<strong>n</strong>g on additional auctions to end, please let me know. I'd be happy to wait.</p><p><br></p><p><strong>QUESTIONS?</strong></p><p>Feel free to message me before purchasing if you need additional photos or have any questions about the card.<strong><span class=""ql-cursor"">﻿</span></strong></p><p><br></p><p>Thanks for looking and happy collecting!</p></div>",15.00,6.00,BASKETBALL,Yes,2020,Panini,2020-21 Panini Revolution,Supernova Fractal,Luka Doncic,10,,Dallas Mavericks,,Near Mint or Better,No,,,,,,0,,,,,,,466,https://storage.googleapis.com/cdp-batches-prod/51290-950044/50228370-front.jpg,https://storage.googleapis.com/cdp-batches-prod/51290-950044/50228370-back.jpg
Giannis Antetokounmpo 2021-22 Illusions #8 Shining Stars Asia Red and Yellow,"<div class=""ql-editor""><p><br></p><p><strong>Player: </strong></p><p><strong>Team: Milwaukee Bucks</strong></p><p><strong>Set: Panini 2021-22 Panini Illusions </strong></p><p><strong>Additional info: Shining Stars Asia Red and Yellow </strong></p><p><br></p><p><span style=""background-color: rgb(255, 255, 255);"">Please check out our other listings for more great cards.</span></p><p><br></p><p><strong>SHIPPING &amp; HANDLING</strong></p><p>Cards are shipped within 1-3 business days of payment.</p><p><br></p><p><strong>CARD CONDITION</strong></p><p>Please review all photos carefully - what you see is what you get.</p><p>The card is in the condition shown in the pictures.</p><p>Any flaws or defects are photographed and disclosed.</p><p><br></p><p><strong>RETURNS &amp; GUARANTEES</strong></p><p>14-day returns accepted.</p><p>100% authentic guaranteed.</p><p>Carefully packaged to ensure safe delivery.</p><p><br></p><p><strong>PAYMENT</strong></p><p>Payment is expected within 2-3 days of purchase. If waiti<strong>n</strong>g on additional auctions to end, please let me know. I'd be happy to wait.</p><p><br></p><p><strong>QUESTIONS?</strong></p><p>Feel free to message me before purchasing if you need additional photos or have any questions about the card.<strong><span class=""ql-cursor"">﻿</span></strong></p><p><br></p><p>Thanks for looking and happy collecting!</p></div>",5.00,2.00,BASKETBALL,Yes,2021,Panini,2021-22 Panini Illusions,Shining Stars Asia Red and Yellow,Giannis Antetokounmpo,8,,Milwaukee Bucks,,Near Mint or Better,No,,,,,,0,,,,,,,467,https://storage.googleapis.com/cdp-batches-prod/51290-950044/50228372-front.jpg,https://storage.googleapis.com/cdp-batches-prod/51290-950044/50228372-back.jpg
Giannis Antetokounmpo 2021-22 Panini Mosaic #1 Stare Masters Fast Break Silver,"<div class=""ql-editor""><p><br></p><p><strong>Player: </strong></p><p><strong>Team: Milwaukee Bucks</strong></p><p><strong>Set: Panini 2021-22 Panini Mosaic </strong></p><p><strong>Additional info: Stare Masters Fast Break Silver </strong></p><p><br></p><p><span style=""background-color: rgb(255, 255, 255);"">Please check out our other listings for more great cards.</span></p><p><br></p><p><strong>SHIPPING &amp; HANDLING</strong></p><p>Cards are shipped within 1-3 business days of payment.</p><p><br></p><p><strong>CARD CONDITION</strong></p><p>Please review all photos carefully - what you see is what you get.</p><p>The card is in the condition shown in the pictures.</p><p>Any flaws or defects are photographed and disclosed.</p><p><br></p><p><strong>RETURNS &amp; GUARANTEES</strong></p><p>14-day returns accepted.</p><p>100% authentic guaranteed.</p><p>Carefully packaged to ensure safe delivery.</p><p><br></p><p><strong>PAYMENT</strong></p><p>Payment is expected within 2-3 days of purchase. If waiti<strong>n</strong>g on additional auctions to end, please let me know. I'd be happy to wait.</p><p><br></p><p><strong>QUESTIONS?</strong></p><p>Feel free to message me before purchasing if you need additional photos or have any questions about the card.<strong><span class=""ql-cursor"">﻿</span></strong></p><p><br></p><p>Thanks for looking and happy collecting!</p></div>",5.00,5.42,BASKETBALL,Yes,2021,Panini,2021-22 Panini Mosaic,Stare Masters Fast Break Silver,Giannis Antetokounmpo,1,,Milwaukee Bucks,,Near Mint or Better,No,,,,,,0,,,,,,,468,https://storage.googleapis.com/cdp-batches-prod/51290-950044/50228373-front.jpg,https://storage.googleapis.com/cdp-batches-prod/51290-950044/50228373-back.jpg
Nikola Jokic Denver Nuggets 2024-25 Hoops #29 City Edition Holo,"<div class=""ql-editor""><p><br></p><p><strong>Player: </strong></p><p><strong>Team: Denver Nuggets</strong></p><p><strong>Set: 2024-25 Hoops </strong></p><p><strong>Additional info: City Edition Holo </strong></p><p><br></p><p><span style=""background-color: rgb(255, 255, 255);"">Please check out our other listings for more great cards.</span></p><p><br></p><p><strong>SHIPPING &amp; HANDLING</strong></p><p>Cards are shipped within 1-3 business days of payment.</p><p><br></p><p><strong>CARD CONDITION</strong></p><p>Please review all photos carefully - what you see is what you get.</p><p>The card is in the condition shown in the pictures.</p><p>Any flaws or defects are photographed and disclosed.</p><p><br></p><p><strong>RETURNS &amp; GUARANTEES</strong></p><p>14-day returns accepted.</p><p>100% authentic guaranteed.</p><p>Carefully packaged to ensure safe delivery.</p><p><br></p><p><strong>PAYMENT</strong></p><p>Payment is expected within 2-3 days of purchase. If waiti<strong>n</strong>g on additional auctions to end, please let me know. I'd be happy to wait.</p><p><br></p><p><strong>QUESTIONS?</strong></p><p>Feel free to message me before purchasing if you need additional photos or have any questions about the card.<strong><span class=""ql-cursor"">﻿</span></strong></p><p><br></p><p>Thanks for looking and happy collecting!</p></div>",5.00,0.99,BASKETBALL,Yes,2024,,2024-25 Hoops,City Edition Holo,Nikola Jokic,29,,Denver Nuggets,,Near Mint or Better,No,,,,,,0,,,,,,,469,https://storage.googleapis.com/cdp-batches-prod/51290-950044/50228374-front.jpg,https://storage.googleapis.com/cdp-batches-prod/51290-950044/50228374-back.jpg
LeBron James Los Angeles Lakers 2023-24 Panini Revolution #1 Liftoff! Fractal,"<div class=""ql-editor""><p><br></p><p><strong>Player: </strong></p><p><strong>Team: Los Angeles Lakers</strong></p><p><strong>Set: Panini 2023-24 Panini Revolution </strong></p><p><strong>Additional info: Liftoff! Fractal </strong></p><p><br></p><p><span style=""background-color: rgb(255, 255, 255);"">Please check out our other listings for more great cards.</span></p><p><br></p><p><strong>SHIPPING &amp; HANDLING</strong></p><p>Cards are shipped within 1-3 business days of payment.</p><p><br></p><p><strong>CARD CONDITION</strong></p><p>Please review all photos carefully - what you see is what you get.</p><p>The card is in the condition shown in the pictures.</p><p>Any flaws or defects are photographed and disclosed.</p><p><br></p><p><strong>RETURNS &amp; GUARANTEES</strong></p><p>14-day returns accepted.</p><p>100% authentic guaranteed.</p><p>Carefully packaged to ensure safe delivery.</p><p><br></p><p><strong>PAYMENT</strong></p><p>Payment is expected within 2-3 days of purchase. If waiti<strong>n</strong>g on additional auctions to end, please let me know. I'd be happy to wait.</p><p><br></p><p><strong>QUESTIONS?</strong></p><p>Feel free to message me before purchasing if you need additional photos or have any questions about the card.<strong><span class=""ql-cursor"">﻿</span></strong></p><p><br></p><p>Thanks for looking and happy collecting!</p></div>",15.00,6.50,BASKETBALL,Yes,2023,Panini,2023-24 Panini Revolution,Liftoff! Fractal,LeBron James,1,,Los Angeles Lakers,,Near Mint or Better,No,,,,,,0,,,,,,,470,https://storage.googleapis.com/cdp-batches-prod/51290-950044/50228375-front.jpg,https://storage.googleapis.com/cdp-batches-prod/51290-950044/50228375-back.jpg
Luka Doncic Dallas Mavericks 2020-21 Panini Revolution #37 Groove,"<div class=""ql-editor""><p><br></p><p><strong>Player: </strong></p><p><strong>Team: Dallas Mavericks</strong></p><p><strong>Set: Panini 2020-21 Panini Revolution </strong></p><p><strong>Additional info: Groove </strong></p><p><br></p><p><span style=""background-color: rgb(255, 255, 255);"">Please check out our other listings for more great cards.</span></p><p><br></p><p><strong>SHIPPING &amp; HANDLING</strong></p><p>Cards are shipped within 1-3 business days of payment.</p><p><br></p><p><strong>CARD CONDITION</strong></p><p>Please review all photos carefully - what you see is what you get.</p><p>The card is in the condition shown in the pictures.</p><p>Any flaws or defects are photographed and disclosed.</p><p><br></p><p><strong>RETURNS &amp; GUARANTEES</strong></p><p>14-day returns accepted.</p><p>100% authentic guaranteed.</p><p>Carefully packaged to ensure safe delivery.</p><p><br></p><p><strong>PAYMENT</strong></p><p>Payment is expected within 2-3 days of purchase. If waiti<strong>n</strong>g on additional auctions to end, please let me know. I'd be happy to wait.</p><p><br></p><p><strong>QUESTIONS?</strong></p><p>Feel free to message me before purchasing if you need additional photos or have any questions about the card.<strong><span class=""ql-cursor"">﻿</span></strong></p><p><br></p><p>Thanks for looking and happy collecting!</p></div>",8.50,1.85,BASKETBALL,Yes,2020,Panini,2020-21 Panini Revolution,Groove,Luka Doncic,37,,Dallas Mavericks,,Near Mint or Better,No,,,,,,0,,,,,,,471,https://storage.googleapis.com/cdp-batches-prod/51290-950044/50228376-front.jpg,https://storage.googleapis.com/cdp-batches-prod/51290-950044/50228376-back.jpg
